,title,title_detail,links,link,comments,authors,author,author_detail,published,published_parsed,tags,id,guidislink,summary,summary_detail,wfw_commentrss,slash_comments
0,Currencies tumble in Asia where rate hikes are slow,"{'type': 'text/plain', 'language': None, 'base': 'https://businessmirror.com.ph/feed/', 'value': 'Currencies tumble in Asia where rate hikes are slow'}","[{'rel': 'alternate', 'type': 'text/html', 'href': 'https://businessmirror.com.ph/2022/06/22/currencies-tumble-in-asia-where-rate-hikes-are-slow/'}]",https://businessmirror.com.ph/2022/06/22/currencies-tumble-in-asia-where-rate-hikes-are-slow/,https://businessmirror.com.ph/2022/06/22/currencies-tumble-in-asia-where-rate-hikes-are-slow/#respond,"[{'name': 'Karl Lester M. Yap, Bloomberg'}]","Karl Lester M. Yap, Bloomberg","{'name': 'Karl Lester M. Yap, Bloomberg'}","Wed, 22 Jun 2022 12:23:45 +0000","time.struct_time(tm_year=2022, tm_mon=6, tm_mday=22, tm_hour=12, tm_min=23, tm_sec=45, tm_wday=2, tm_yday=173, tm_isdst=0)","[{'term': 'Top News', 'scheme': None, 'label': None}]",https://businessmirror.com.ph/?p=613684,False,"Asian currencies fell on Wednesday, highlighting the pressure wrought by a stronger dollar as the Federal Reserve races&#8230;","{'type': 'text/html', 'language': None, 'base': 'https://businessmirror.com.ph/feed/', 'value': 'Asian currencies fell on Wednesday, highlighting the pressure wrought by a stronger dollar as the Federal Reserve races&#8230;'}",https://businessmirror.com.ph/2022/06/22/currencies-tumble-in-asia-where-rate-hikes-are-slow/feed/,0
1,China sends warplanes near Taiwan after US rejects Taiwan Strait claims,"{'type': 'text/plain', 'language': None, 'base': 'https://businessmirror.com.ph/feed/', 'value': 'China sends warplanes near Taiwan after US rejects Taiwan Strait claims'}","[{'rel': 'alternate', 'type': 'text/html', 'href': 'https://businessmirror.com.ph/2022/06/22/china-sends-warplanes-near-taiwan-after-us-rejects-taiwan-strait-claims/'}]",https://businessmirror.com.ph/2022/06/22/china-sends-warplanes-near-taiwan-after-us-rejects-taiwan-strait-claims/,https://businessmirror.com.ph/2022/06/22/china-sends-warplanes-near-taiwan-after-us-rejects-taiwan-strait-claims/#respond,[{'name': 'Bloomberg News'}],Bloomberg News,{'name': 'Bloomberg News'},"Wed, 22 Jun 2022 12:20:12 +0000","time.struct_time(tm_year=2022, tm_mon=6, tm_mday=22, tm_hour=12, tm_min=20, tm_sec=12, tm_wday=2, tm_yday=173, tm_isdst=0)","[{'term': 'World', 'scheme': None, 'label': None}]",https://businessmirror.com.ph/?p=613682,False,"China sent its third-largest sortie of warplanes toward Taiwan this year, after the US rejected Chinese claims over&#8230;","{'type': 'text/html', 'language': None, 'base': 'https://businessmirror.com.ph/feed/', 'value': 'China sent its third-largest sortie of warplanes toward Taiwan this year, after the US rejected Chinese claims over&#8230;'}",https://businessmirror.com.ph/2022/06/22/china-sends-warplanes-near-taiwan-after-us-rejects-taiwan-strait-claims/feed/,0
2,Indonesia deports Japanese man accused of Covid-19 relief fraud,"{'type': 'text/plain', 'language': None, 'base': 'https://businessmirror.com.ph/feed/', 'value': 'Indonesia deports Japanese man accused of Covid-19 relief fraud'}","[{'rel': 'alternate', 'type': 'text/html', 'href': 'https://businessmirror.com.ph/2022/06/22/indonesia-deports-japanese-man-accused-of-covid-19-relief-fraud/'}]",https://businessmirror.com.ph/2022/06/22/indonesia-deports-japanese-man-accused-of-covid-19-relief-fraud/,https://businessmirror.com.ph/2022/06/22/indonesia-deports-japanese-man-accused-of-covid-19-relief-fraud/#respond,[{'name': 'Associated Press'}],Associated Press,{'name': 'Associated Press'},"Wed, 22 Jun 2022 12:19:00 +0000","time.struct_time(tm_year=2022, tm_mon=6, tm_mday=22, tm_hour=12, tm_min=19, tm_sec=0, tm_wday=2, tm_yday=173, tm_isdst=0)","[{'term': 'World', 'scheme': None, 'label': None}, {'term': 'Featured', 'scheme': None, 'label': None}]",https://businessmirror.com.ph/?p=613680,False,"JAKARTA, Indonesia—Indonesia early Wednesday deported a Japanese man to Tokyo where police have accused him, his family and&#8230;","{'type': 'text/html', 'language': None, 'base': 'https://businessmirror.com.ph/feed/', 'value': 'JAKARTA, Indonesia—Indonesia early Wednesday deported a Japanese man to Tokyo where police have accused him, his family and&#8230;'}",https://businessmirror.com.ph/2022/06/22/indonesia-deports-japanese-man-accused-of-covid-19-relief-fraud/feed/,0
3,"PXP Energy pursues other oil, gas exploration projects","{'type': 'text/plain', 'language': None, 'base': 'https://businessmirror.com.ph/feed/', 'value': 'PXP Energy pursues other oil, gas exploration projects'}","[{'rel': 'alternate', 'type': 'text/html', 'href': 'https://businessmirror.com.ph/2022/06/22/pxp-energy-pursues-otheroil-gas-exploration-projects/'}]",https://businessmirror.com.ph/2022/06/22/pxp-energy-pursues-otheroil-gas-exploration-projects/,https://businessmirror.com.ph/2022/06/22/pxp-energy-pursues-otheroil-gas-exploration-projects/#respond,[{'name': 'Lenie Lectura'}],Lenie Lectura,{'name': 'Lenie Lectura'},"Wed, 22 Jun 2022 12:13:07 +0000","time.struct_time(tm_year=2022, tm_mon=6, tm_mday=22, tm_hour=12, tm_min=13, tm_sec=7, tm_wday=2, tm_yday=173, tm_isdst=0)","[{'term': 'Companies', 'scheme': None, 'label': None}, {'term': 'Featured', 'scheme': None, 'label': None}]",https://businessmirror.com.ph/?p=613677,False,PXP Energy Corp. is pursuing other projects after exploration activities for petroleum service contracts (SC)—SC 72 and SC&#8230;,"{'type': 'text/html', 'language': None, 'base': 'https://businessmirror.com.ph/feed/', 'value': 'PXP Energy Corp. is pursuing other projects after exploration activities for petroleum service contracts (SC)—SC 72 and SC&#8230;'}",https://businessmirror.com.ph/2022/06/22/pxp-energy-pursues-otheroil-gas-exploration-projects/feed/,0
4,TRAL lauds SC for swift action on motion to boot out Kazuo Okada,"{'type': 'text/plain', 'language': None, 'base': 'https://businessmirror.com.ph/feed/', 'value': 'TRAL lauds SC for swift action on motion to boot out Kazuo Okada'}","[{'rel': 'alternate', 'type': 'text/html', 'href': 'https://businessmirror.com.ph/2022/06/22/tral-lauds-sc-for-swift-action-on-motion-to-boot-out-kazuo-okada/'}]",https://businessmirror.com.ph/2022/06/22/tral-lauds-sc-for-swift-action-on-motion-to-boot-out-kazuo-okada/,https://businessmirror.com.ph/2022/06/22/tral-lauds-sc-for-swift-action-on-motion-to-boot-out-kazuo-okada/#respond,[{'name': 'BusinessMirror'}],BusinessMirror,{'name': 'BusinessMirror'},"Wed, 22 Jun 2022 12:08:21 +0000","time.struct_time(tm_year=2022, tm_mon=6, tm_mday=22, tm_hour=12, tm_min=8, tm_sec=21, tm_wday=2, tm_yday=173, tm_isdst=0)","[{'term': 'Companies', 'scheme': None, 'label': None}, {'term': 'Featured', 'scheme': None, 'label': None}]",https://businessmirror.com.ph/?p=613675,False,TIGER Resort Asia Ltd. (TRAL) hailed the Philippine Supreme Court for its swift action on the urgent plea&#8230;,"{'type': 'text/html', 'language': None, 'base': 'https://businessmirror.com.ph/feed/', 'value': 'TIGER Resort Asia Ltd. (TRAL) hailed the Philippine Supreme Court for its swift action on the urgent plea&#8230;'}",https://businessmirror.com.ph/2022/06/22/tral-lauds-sc-for-swift-action-on-motion-to-boot-out-kazuo-okada/feed/,0
5,CEB mulls over airfare hike,"{'type': 'text/plain', 'language': None, 'base': 'https://businessmirror.com.ph/feed/', 'value': 'CEB mulls over airfare hike'}","[{'rel': 'alternate', 'type': 'text/html', 'href': 'https://businessmirror.com.ph/2022/06/22/ceb-mulls-over-airfare-hike/'}]",https://businessmirror.com.ph/2022/06/22/ceb-mulls-over-airfare-hike/,https://businessmirror.com.ph/2022/06/22/ceb-mulls-over-airfare-hike/#respond,[{'name': 'Andrea E. San Juan'}],Andrea E. San Juan,{'name': 'Andrea E. San Juan'},"Wed, 22 Jun 2022 12:07:05 +0000","time.struct_time(tm_year=2022, tm_mon=6, tm_mday=22, tm_hour=12, tm_min=7, tm_sec=5, tm_wday=2, tm_yday=173, tm_isdst=0)","[{'term': 'Companies', 'scheme': None, 'label': None}, {'term': 'Featured', 'scheme': None, 'label': None}]",https://businessmirror.com.ph/?p=613673,False,"Budget carrier Cebu Pacific (CEB) is considering increasing fares due to the surge in fuel prices, according to&#8230;","{'type': 'text/html', 'language': None, 'base': 'https://businessmirror.com.ph/feed/', 'value': 'Budget carrier Cebu Pacific (CEB) is considering increasing fares due to the surge in fuel prices, according to&#8230;'}",https://businessmirror.com.ph/2022/06/22/ceb-mulls-over-airfare-hike/feed/,0
6,SariSuki ventures into rapid grocery delivery service,"{'type': 'text/plain', 'language': None, 'base': 'https://businessmirror.com.ph/feed/', 'value': 'SariSuki ventures into rapid grocery delivery service'}","[{'rel': 'alternate', 'type': 'text/html', 'href': 'https://businessmirror.com.ph/2022/06/22/sarisuki-ventures-into-rapid-grocery-delivery-service/'}]",https://businessmirror.com.ph/2022/06/22/sarisuki-ventures-into-rapid-grocery-delivery-service/,https://businessmirror.com.ph/2022/06/22/sarisuki-ventures-into-rapid-grocery-delivery-service/#respond,[{'name': 'Andrea E. San Juan'}],Andrea E. San Juan,{'name': 'Andrea E. San Juan'},"Wed, 22 Jun 2022 12:03:26 +0000","time.struct_time(tm_year=2022, tm_mon=6, tm_mday=22, tm_hour=12, tm_min=3, tm_sec=26, tm_wday=2, tm_yday=173, tm_isdst=0)","[{'term': 'Companies', 'scheme': None, 'label': None}, {'term': 'Featured', 'scheme': None, 'label': None}]",https://businessmirror.com.ph/?p=613670,False,"Supah, a business unit of social commerce startup SariSuki and the first digital rapid grocery delivery service in&#8230;","{'type': 'text/html', 'language': None, 'base': 'https://businessmirror.com.ph/feed/', 'value': 'Supah, a business unit of social commerce startup SariSuki and the first digital rapid grocery delivery service in&#8230;'}",https://businessmirror.com.ph/2022/06/22/sarisuki-ventures-into-rapid-grocery-delivery-service/feed/,0
7,AllHome sets sights on pet lovers via specialty brand,"{'type': 'text/plain', 'language': None, 'base': 'https://businessmirror.com.ph/feed/', 'value': 'AllHome sets sights on pet lovers via specialty brand'}","[{'rel': 'alternate', 'type': 'text/html', 'href': 'https://businessmirror.com.ph/2022/06/22/allhome-sets-sights-on-petlovers-via-specialty-brand/'}]",https://businessmirror.com.ph/2022/06/22/allhome-sets-sights-on-petlovers-via-specialty-brand/,https://businessmirror.com.ph/2022/06/22/allhome-sets-sights-on-petlovers-via-specialty-brand/#respond,[{'name': 'VG Cabuag'}],VG Cabuag,{'name': 'VG Cabuag'},"Wed, 22 Jun 2022 12:02:10 +0000","time.struct_time(tm_year=2022, tm_mon=6, tm_mday=22, tm_hour=12, tm_min=2, tm_sec=10, tm_wday=2, tm_yday=173, tm_isdst=0)","[{'term': 'Companies', 'scheme': None, 'label': None}, {'term': 'Featured', 'scheme': None, 'label': None}]",https://businessmirror.com.ph/?p=613666,False,"AllHome Corp., the listed retailer of the Villar Group, on Wednesday said it has expanded into the pet&#8230;","{'type': 'text/html', 'language': None, 'base': 'https://businessmirror.com.ph/feed/', 'value': 'AllHome Corp., the listed retailer of the Villar Group, on Wednesday said it has expanded into the pet&#8230;'}",https://businessmirror.com.ph/2022/06/22/allhome-sets-sights-on-petlovers-via-specialty-brand/feed/,0
8,Donor-embassies introduce new projects for ex-MILF troops’ societal reintegration,"{'type': 'text/plain', 'language': None, 'base': 'https://businessmirror.com.ph/feed/', 'value': 'Donor-embassies introduce new projects for ex-MILF troops’ societal reintegration'}","[{'rel': 'alternate', 'type': 'text/html', 'href': 'https://businessmirror.com.ph/2022/06/22/donor-embassies-introduce-new-projects-for-ex-milf-troops-societal-reintegration/'}]",https://businessmirror.com.ph/2022/06/22/donor-embassies-introduce-new-projects-for-ex-milf-troops-societal-reintegration/,https://businessmirror.com.ph/2022/06/22/donor-embassies-introduce-new-projects-for-ex-milf-troops-societal-reintegration/#respond,[{'name': 'Manuel Cayon'}],Manuel Cayon,{'name': 'Manuel Cayon'},"Wed, 22 Jun 2022 11:51:55 +0000","time.struct_time(tm_year=2022, tm_mon=6, tm_mday=22, tm_hour=11, tm_min=51, tm_sec=55, tm_wday=2, tm_yday=173, tm_isdst=0)","[{'term': 'Envoys & Expats', 'scheme': None, 'label': None}]",https://businessmirror.com.ph/?p=613663,False,"DAVAO CITY—The United Nations (UN), European Union (EU) and Australia have pooled new resources to fund major social&#8230;","{'type': 'text/html', 'language': None, 'base': 'https://businessmirror.com.ph/feed/', 'value': 'DAVAO CITY—The United Nations (UN), European Union (EU) and Australia have pooled new resources to fund major social&#8230;'}",https://businessmirror.com.ph/2022/06/22/donor-embassies-introduce-new-projects-for-ex-milf-troops-societal-reintegration/feed/,0
9,Embassies release ‘Philippines Matters for America…’ publication,"{'type': 'text/plain', 'language': None, 'base': 'https://businessmirror.com.ph/feed/', 'value': 'Embassies release ‘Philippines Matters for America…’ publication'}","[{'rel': 'alternate', 'type': 'text/html', 'href': 'https://businessmirror.com.ph/2022/06/22/embassies-release-philippines-matters-for-america-publication/'}]",https://businessmirror.com.ph/2022/06/22/embassies-release-philippines-matters-for-america-publication/,https://businessmirror.com.ph/2022/06/22/embassies-release-philippines-matters-for-america-publication/#respond,[{'name': 'BusinessMirror'}],BusinessMirror,{'name': 'BusinessMirror'},"Wed, 22 Jun 2022 11:50:15 +0000","time.struct_time(tm_year=2022, tm_mon=6, tm_mday=22, tm_hour=11, tm_min=50, tm_sec=15, tm_wday=2, tm_yday=173, tm_isdst=0)","[{'term': 'Envoys & Expats', 'scheme': None, 'label': None}, {'term': 'Featured', 'scheme': None, 'label': None}]",https://businessmirror.com.ph/?p=613661,False,"CELEBRATING 75 years of bilateral relations, the East-West Center (EWC) launched on June 15 the Philippines Matters for&#8230;","{'type': 'text/html', 'language': None, 'base': 'https://businessmirror.com.ph/feed/', 'value': 'CELEBRATING 75 years of bilateral relations, the East-West Center (EWC) launched on June 15 the Philippines Matters for&#8230;'}",https://businessmirror.com.ph/2022/06/22/embassies-release-philippines-matters-for-america-publication/feed/,0
10,‘Tastefully done:’ PHL chancery in the Netherlands renovated,"{'type': 'text/plain', 'language': None, 'base': 'https://businessmirror.com.ph/feed/', 'value': '‘Tastefully done:’ PHL chancery in the Netherlands renovated'}","[{'rel': 'alternate', 'type': 'text/html', 'href': 'https://businessmirror.com.ph/2022/06/22/tastefully-done-phl-chancery-in-the-netherlands-renovated/'}]",https://businessmirror.com.ph/2022/06/22/tastefully-done-phl-chancery-in-the-netherlands-renovated/,https://businessmirror.com.ph/2022/06/22/tastefully-done-phl-chancery-in-the-netherlands-renovated/#respond,[{'name': 'BusinessMirror'}],BusinessMirror,{'name': 'BusinessMirror'},"Wed, 22 Jun 2022 11:48:59 +0000","time.struct_time(tm_year=2022, tm_mon=6, tm_mday=22, tm_hour=11, tm_min=48, tm_sec=59, tm_wday=2, tm_yday=173, tm_isdst=0)","[{'term': 'Envoys & Expats', 'scheme': None, 'label': None}, {'term': 'Featured', 'scheme': None, 'label': None}]",https://businessmirror.com.ph/?p=613659,False,THE HAGUE—The newly renovated chancery of the Philippine Embassy in this Netherlands’ city was inaugurated on June 7&#8230;,"{'type': 'text/html', 'language': None, 'base': 'https://businessmirror.com.ph/feed/', 'value': 'THE HAGUE—The newly renovated chancery of the Philippine Embassy in this Netherlands’ city was inaugurated on June 7&#8230;'}",https://businessmirror.com.ph/2022/06/22/tastefully-done-phl-chancery-in-the-netherlands-renovated/feed/,0
11,Embassy celebrates 73rd year of PHL-Thailand two-way ties,"{'type': 'text/plain', 'language': None, 'base': 'https://businessmirror.com.ph/feed/', 'value': 'Embassy celebrates 73rd year of PHL-Thailand two-way ties'}","[{'rel': 'alternate', 'type': 'text/html', 'href': 'https://businessmirror.com.ph/2022/06/22/embassy-celebrates-73rd-year-of-phl-thailand-two-way-ties/'}]",https://businessmirror.com.ph/2022/06/22/embassy-celebrates-73rd-year-of-phl-thailand-two-way-ties/,https://businessmirror.com.ph/2022/06/22/embassy-celebrates-73rd-year-of-phl-thailand-two-way-ties/#respond,[{'name': 'BusinessMirror'}],BusinessMirror,{'name': 'BusinessMirror'},"Wed, 22 Jun 2022 11:48:09 +0000","time.struct_time(tm_year=2022, tm_mon=6, tm_mday=22, tm_hour=11, tm_min=48, tm_sec=9, tm_wday=2, tm_yday=173, tm_isdst=0)","[{'term': 'Envoys & Expats', 'scheme': None, 'label': None}, {'term': 'Featured', 'scheme': None, 'label': None}]",https://businessmirror.com.ph/?p=613656,False,BANGKOK—The Philippine Embassy in this capital city joined the peoples and governments of the Philippines and Thailand in&#8230;,"{'type': 'text/html', 'language': None, 'base': 'https://businessmirror.com.ph/feed/', 'value': 'BANGKOK—The Philippine Embassy in this capital city joined the peoples and governments of the Philippines and Thailand in&#8230;'}",https://businessmirror.com.ph/2022/06/22/embassy-celebrates-73rd-year-of-phl-thailand-two-way-ties/feed/,0
12,Experts call for heightened info drive vs silent epidemic,"{'type': 'text/plain', 'language': None, 'base': 'https://businessmirror.com.ph/feed/', 'value': 'Experts call for heightened info drive vs silent epidemic'}","[{'rel': 'alternate', 'type': 'text/html', 'href': 'https://businessmirror.com.ph/2022/06/22/experts-call-for-heightened-info-drive-vs-silent-epidemic/'}]",https://businessmirror.com.ph/2022/06/22/experts-call-for-heightened-info-drive-vs-silent-epidemic/,https://businessmirror.com.ph/2022/06/22/experts-call-for-heightened-info-drive-vs-silent-epidemic/#respond,[{'name': 'Claudeth Mocon-Ciriaco'}],Claudeth Mocon-Ciriaco,{'name': 'Claudeth Mocon-Ciriaco'},"Wed, 22 Jun 2022 11:41:27 +0000","time.struct_time(tm_year=2022, tm_mon=6, tm_mday=22, tm_hour=11, tm_min=41, tm_sec=27, tm_wday=2, tm_yday=173, tm_isdst=0)","[{'term': 'Health & Fitness', 'scheme': None, 'label': None}, {'term': 'Featured', 'scheme': None, 'label': None}]",https://businessmirror.com.ph/?p=613641,False,"Fatty liver disease, which is considered a “silent epidemic,” should not be ignored according to the Hepatology Society&#8230;","{'type': 'text/html', 'language': None, 'base': 'https://businessmirror.com.ph/feed/', 'value': 'Fatty liver disease, which is considered a “silent epidemic,” should not be ignored according to the Hepatology Society&#8230;'}",https://businessmirror.com.ph/2022/06/22/experts-call-for-heightened-info-drive-vs-silent-epidemic/feed/,0
13,Coughing for two weeks? Get checked for bronchitis,"{'type': 'text/plain', 'language': None, 'base': 'https://businessmirror.com.ph/feed/', 'value': 'Coughing for two weeks? Get checked for bronchitis'}","[{'rel': 'alternate', 'type': 'text/html', 'href': 'https://businessmirror.com.ph/2022/06/22/coughing-for-two-weeks-get-checked-for-bronchitis/'}]",https://businessmirror.com.ph/2022/06/22/coughing-for-two-weeks-get-checked-for-bronchitis/,https://businessmirror.com.ph/2022/06/22/coughing-for-two-weeks-get-checked-for-bronchitis/#respond,[{'name': 'Claudeth Mocon-Ciriaco'}],Claudeth Mocon-Ciriaco,{'name': 'Claudeth Mocon-Ciriaco'},"Wed, 22 Jun 2022 11:38:31 +0000","time.struct_time(tm_year=2022, tm_mon=6, tm_mday=22, tm_hour=11, tm_min=38, tm_sec=31, tm_wday=2, tm_yday=173, tm_isdst=0)","[{'term': 'Health & Fitness', 'scheme': None, 'label': None}, {'term': 'Featured', 'scheme': None, 'label': None}]",https://businessmirror.com.ph/?p=613640,False,Should you worry if you have bronchitis? There are two types of bronchitis according to the Department of&#8230;,"{'type': 'text/html', 'language': None, 'base': 'https://businessmirror.com.ph/feed/', 'value': 'Should you worry if you have bronchitis? There are two types of bronchitis according to the Department of&#8230;'}",https://businessmirror.com.ph/2022/06/22/coughing-for-two-weeks-get-checked-for-bronchitis/feed/,0
14,"Lapid, set to be Israel’s next premier, faces critical test","{'type': 'text/plain', 'language': None, 'base': 'https://businessmirror.com.ph/feed/', 'value': 'Lapid, set to be Israel’s next premier, faces critical test'}","[{'rel': 'alternate', 'type': 'text/html', 'href': 'https://businessmirror.com.ph/2022/06/22/lapid-set-to-be-israels-next-premier-faces-critical-test/'}]",https://businessmirror.com.ph/2022/06/22/lapid-set-to-be-israels-next-premier-faces-critical-test/,https://businessmirror.com.ph/2022/06/22/lapid-set-to-be-israels-next-premier-faces-critical-test/#respond,[{}],,,"Wed, 22 Jun 2022 11:37:02 +0000","time.struct_time(tm_year=2022, tm_mon=6, tm_mday=22, tm_hour=11, tm_min=37, tm_sec=2, tm_wday=2, tm_yday=173, tm_isdst=0)","[{'term': 'Opinion', 'scheme': None, 'label': None}]",https://businessmirror.com.ph/?p=613645,False,"JERUSALEM—In a 10-year political career, Israel’s Yair Lapid has transformed himself from an upstart political novice to a&#8230;","{'type': 'text/html', 'language': None, 'base': 'https://businessmirror.com.ph/feed/', 'value': 'JERUSALEM—In a 10-year political career, Israel’s Yair Lapid has transformed himself from an upstart political novice to a&#8230;'}",https://businessmirror.com.ph/2022/06/22/lapid-set-to-be-israels-next-premier-faces-critical-test/feed/,0
15,Relieving stress is as easy as ABCD,"{'type': 'text/plain', 'language': None, 'base': 'https://businessmirror.com.ph/feed/', 'value': 'Relieving stress is as easy as\xa0ABCD'}","[{'rel': 'alternate', 'type': 'text/html', 'href': 'https://businessmirror.com.ph/2022/06/22/relieving-stress-is-as-easy-as-abcd/'}]",https://businessmirror.com.ph/2022/06/22/relieving-stress-is-as-easy-as-abcd/,https://businessmirror.com.ph/2022/06/22/relieving-stress-is-as-easy-as-abcd/#respond,[{'name': 'Roderick Abad'}],Roderick Abad,{'name': 'Roderick Abad'},"Wed, 22 Jun 2022 11:36:47 +0000","time.struct_time(tm_year=2022, tm_mon=6, tm_mday=22, tm_hour=11, tm_min=36, tm_sec=47, tm_wday=2, tm_yday=173, tm_isdst=0)","[{'term': 'Health & Fitness', 'scheme': None, 'label': None}, {'term': 'Featured', 'scheme': None, 'label': None}]",https://businessmirror.com.ph/?p=613639,False,THERE’S no better way to ease and pamper one’s active bodies and busy minds&#160;than having a spa. This&#8230;,"{'type': 'text/html', 'language': None, 'base': 'https://businessmirror.com.ph/feed/', 'value': 'THERE’S no better way to ease and pamper one’s active bodies and busy minds&#160;than having a spa. This&#8230;'}",https://businessmirror.com.ph/2022/06/22/relieving-stress-is-as-easy-as-abcd/feed/,0
16,"Takeda partners with CARE PH to improve, expand cancer research","{'type': 'text/plain', 'language': None, 'base': 'https://businessmirror.com.ph/feed/', 'value': 'Takeda partners with CARE PH to improve, expand cancer research'}","[{'rel': 'alternate', 'type': 'text/html', 'href': 'https://businessmirror.com.ph/2022/06/22/takeda-partners-with-care-ph-to-improve-expand-cancer-research/'}]",https://businessmirror.com.ph/2022/06/22/takeda-partners-with-care-ph-to-improve-expand-cancer-research/,https://businessmirror.com.ph/2022/06/22/takeda-partners-with-care-ph-to-improve-expand-cancer-research/#respond,[{'name': 'BusinessMirror'}],BusinessMirror,{'name': 'BusinessMirror'},"Wed, 22 Jun 2022 11:35:05 +0000","time.struct_time(tm_year=2022, tm_mon=6, tm_mday=22, tm_hour=11, tm_min=35, tm_sec=5, tm_wday=2, tm_yday=173, tm_isdst=0)","[{'term': 'Health & Fitness', 'scheme': None, 'label': None}, {'term': 'Featured', 'scheme': None, 'label': None}]",https://businessmirror.com.ph/?p=613638,False,Biopharmaceutical leader Takeda Healthcare Philippines Inc. has forged a partnership with Cancer Care Registry and Research Philippines Foundation&#8230;,"{'type': 'text/html', 'language': None, 'base': 'https://businessmirror.com.ph/feed/', 'value': 'Biopharmaceutical leader Takeda Healthcare Philippines Inc. has forged a partnership with Cancer Care Registry and Research Philippines Foundation&#8230;'}",https://businessmirror.com.ph/2022/06/22/takeda-partners-with-care-ph-to-improve-expand-cancer-research/feed/,0
17,Senators reach bipartisan compromise on gun violence bill,"{'type': 'text/plain', 'language': None, 'base': 'https://businessmirror.com.ph/feed/', 'value': 'Senators reach bipartisan compromise on gun violence bill'}","[{'rel': 'alternate', 'type': 'text/html', 'href': 'https://businessmirror.com.ph/2022/06/22/senators-reach-bipartisan-compromise-on-gun-violence-bill/'}]",https://businessmirror.com.ph/2022/06/22/senators-reach-bipartisan-compromise-on-gun-violence-bill/,https://businessmirror.com.ph/2022/06/22/senators-reach-bipartisan-compromise-on-gun-violence-bill/#respond,[{}],,,"Wed, 22 Jun 2022 11:34:46 +0000","time.struct_time(tm_year=2022, tm_mon=6, tm_mday=22, tm_hour=11, tm_min=34, tm_sec=46, tm_wday=2, tm_yday=173, tm_isdst=0)","[{'term': 'Opinion', 'scheme': None, 'label': None}]",https://businessmirror.com.ph/?p=613642,False,"WASHINGTON—Senate bargainers reached agreement Tuesday on a bipartisan gun violence bill, potentially teeing up final passage by week’s&#8230;","{'type': 'text/html', 'language': None, 'base': 'https://businessmirror.com.ph/feed/', 'value': 'WASHINGTON—Senate bargainers reached agreement Tuesday on a bipartisan gun violence bill, potentially teeing up final passage by week’s&#8230;'}",https://businessmirror.com.ph/2022/06/22/senators-reach-bipartisan-compromise-on-gun-violence-bill/feed/,0
18,The Medical City Hostel: A haven of comfort in the heart of TMC,"{'type': 'text/plain', 'language': None, 'base': 'https://businessmirror.com.ph/feed/', 'value': 'The Medical City Hostel: A haven of comfort in the heart of TMC'}","[{'rel': 'alternate', 'type': 'text/html', 'href': 'https://businessmirror.com.ph/2022/06/22/the-medical-city-hostel-a-haven-of-comfort-in-the-heart-of-tmc/'}]",https://businessmirror.com.ph/2022/06/22/the-medical-city-hostel-a-haven-of-comfort-in-the-heart-of-tmc/,https://businessmirror.com.ph/2022/06/22/the-medical-city-hostel-a-haven-of-comfort-in-the-heart-of-tmc/#respond,[{'name': 'BusinessMirror'}],BusinessMirror,{'name': 'BusinessMirror'},"Wed, 22 Jun 2022 11:33:51 +0000","time.struct_time(tm_year=2022, tm_mon=6, tm_mday=22, tm_hour=11, tm_min=33, tm_sec=51, tm_wday=2, tm_yday=173, tm_isdst=0)","[{'term': 'Health & Fitness', 'scheme': None, 'label': None}, {'term': 'Featured', 'scheme': None, 'label': None}]",https://businessmirror.com.ph/?p=613637,False,"When a loved one is sick and needs to be in hospital, the instinct is always to be&#8230;","{'type': 'text/html', 'language': None, 'base': 'https://businessmirror.com.ph/feed/', 'value': 'When a loved one is sick and needs to be in hospital, the instinct is always to be&#8230;'}",https://businessmirror.com.ph/2022/06/22/the-medical-city-hostel-a-haven-of-comfort-in-the-heart-of-tmc/feed/,0
19,"At last, Covid-19 shots for little kids—5 essential reads","{'type': 'text/plain', 'language': None, 'base': 'https://businessmirror.com.ph/feed/', 'value': 'At last, Covid-19 shots for little kids—5 essential reads'}","[{'rel': 'alternate', 'type': 'text/html', 'href': 'https://businessmirror.com.ph/2022/06/22/at-last-covid-19-shots-for-little-kids-5-essential-reads/'}]",https://businessmirror.com.ph/2022/06/22/at-last-covid-19-shots-for-little-kids-5-essential-reads/,https://businessmirror.com.ph/2022/06/22/at-last-covid-19-shots-for-little-kids-5-essential-reads/#respond,[{}],,,"Wed, 22 Jun 2022 11:23:19 +0000","time.struct_time(tm_year=2022, tm_mon=6, tm_mday=22, tm_hour=11, tm_min=23, tm_sec=19, tm_wday=2, tm_yday=173, tm_isdst=0)","[{'term': 'Life', 'scheme': None, 'label': None}, {'term': 'Featured', 'scheme': None, 'label': None}]",https://businessmirror.com.ph/?p=613632,False,"FOR many parents of kids under age 5, a safe and effective Covid-19 vaccine could not come soon&#8230;","{'type': 'text/html', 'language': None, 'base': 'https://businessmirror.com.ph/feed/', 'value': 'FOR many parents of kids under age 5, a safe and effective Covid-19 vaccine could not come soon&#8230;'}",https://businessmirror.com.ph/2022/06/22/at-last-covid-19-shots-for-little-kids-5-essential-reads/feed/,0
20,"Cebu Pacific, PUBG MOBILE launch historic Ibong Adarna-themed flight","{'type': 'text/plain', 'language': None, 'base': 'https://businessmirror.com.ph/feed/', 'value': 'Cebu Pacific, PUBG MOBILE launch historic Ibong Adarna-themed flight'}","[{'rel': 'alternate', 'type': 'text/html', 'href': 'https://businessmirror.com.ph/2022/06/22/cebu-pacific-pubg-mobile-launch-historic-ibong-adarna-themed-flight/'}]",https://businessmirror.com.ph/2022/06/22/cebu-pacific-pubg-mobile-launch-historic-ibong-adarna-themed-flight/,https://businessmirror.com.ph/2022/06/22/cebu-pacific-pubg-mobile-launch-historic-ibong-adarna-themed-flight/#respond,[{'name': 'BusinessMirror'}],BusinessMirror,{'name': 'BusinessMirror'},"Wed, 22 Jun 2022 11:19:21 +0000","time.struct_time(tm_year=2022, tm_mon=6, tm_mday=22, tm_hour=11, tm_min=19, tm_sec=21, tm_wday=2, tm_yday=173, tm_isdst=0)","[{'term': 'Life', 'scheme': None, 'label': None}, {'term': 'Featured', 'scheme': None, 'label': None}]",https://businessmirror.com.ph/?p=613630,False,"JUST recently, Cebu Pacific Air, the country’s leading airline, operated a mobile game-themed flight to introduce Tencent Games’&#8230;","{'type': 'text/html', 'language': None, 'base': 'https://businessmirror.com.ph/feed/', 'value': 'JUST recently, Cebu Pacific Air, the country’s leading airline, operated a mobile game-themed flight to introduce Tencent Games’&#8230;'}",https://businessmirror.com.ph/2022/06/22/cebu-pacific-pubg-mobile-launch-historic-ibong-adarna-themed-flight/feed/,0
21,LEGO celebrates 90th anniversary,"{'type': 'text/plain', 'language': None, 'base': 'https://businessmirror.com.ph/feed/', 'value': 'LEGO celebrates 90th anniversary'}","[{'rel': 'alternate', 'type': 'text/html', 'href': 'https://businessmirror.com.ph/2022/06/22/lego-celebrates-90th-anniversary/'}]",https://businessmirror.com.ph/2022/06/22/lego-celebrates-90th-anniversary/,https://businessmirror.com.ph/2022/06/22/lego-celebrates-90th-anniversary/#respond,[{'name': 'BusinessMirror'}],BusinessMirror,{'name': 'BusinessMirror'},"Wed, 22 Jun 2022 11:17:01 +0000","time.struct_time(tm_year=2022, tm_mon=6, tm_mday=22, tm_hour=11, tm_min=17, tm_sec=1, tm_wday=2, tm_yday=173, tm_isdst=0)","[{'term': 'Life', 'scheme': None, 'label': None}, {'term': 'Featured', 'scheme': None, 'label': None}]",https://businessmirror.com.ph/?p=613626,False,EXPLORE the world of playful learning and building fun as LEGO celebrates its 90th anniversary this year with&#8230;,"{'type': 'text/html', 'language': None, 'base': 'https://businessmirror.com.ph/feed/', 'value': 'EXPLORE the world of playful learning and building fun as LEGO celebrates its 90th anniversary this year with&#8230;'}",https://businessmirror.com.ph/2022/06/22/lego-celebrates-90th-anniversary/feed/,0
22,Romanchuk wins medal in pool while father fights in Ukraine,"{'type': 'text/plain', 'language': None, 'base': 'https://businessmirror.com.ph/feed/', 'value': 'Romanchuk wins medal in pool while father fights in Ukraine'}","[{'rel': 'alternate', 'type': 'text/html', 'href': 'https://businessmirror.com.ph/2022/06/22/romanchuk-wins-medal-in-pool-while-father-fights-in-ukraine/'}]",https://businessmirror.com.ph/2022/06/22/romanchuk-wins-medal-in-pool-while-father-fights-in-ukraine/,https://businessmirror.com.ph/2022/06/22/romanchuk-wins-medal-in-pool-while-father-fights-in-ukraine/#respond,[{'name': 'BusinessMirror'}],BusinessMirror,{'name': 'BusinessMirror'},"Wed, 22 Jun 2022 11:14:46 +0000","time.struct_time(tm_year=2022, tm_mon=6, tm_mday=22, tm_hour=11, tm_min=14, tm_sec=46, tm_wday=2, tm_yday=173, tm_isdst=0)","[{'term': 'Sports', 'scheme': None, 'label': None}, {'term': 'Featured', 'scheme': None, 'label': None}]",https://businessmirror.com.ph/?p=613601,False,"BUDAPEST, Hungary—Elite swimmer Mykhailo Romanchuk doesn’t know if his father was able to see him winning a medal&#8230;","{'type': 'text/html', 'language': None, 'base': 'https://businessmirror.com.ph/feed/', 'value': 'BUDAPEST, Hungary—Elite swimmer Mykhailo Romanchuk doesn’t know if his father was able to see him winning a medal&#8230;'}",https://businessmirror.com.ph/2022/06/22/romanchuk-wins-medal-in-pool-while-father-fights-in-ukraine/feed/,0
23,"Naomi Osaka, LeBron James team up for entertainment venture","{'type': 'text/plain', 'language': None, 'base': 'https://businessmirror.com.ph/feed/', 'value': 'Naomi Osaka, LeBron James team up for entertainment venture'}","[{'rel': 'alternate', 'type': 'text/html', 'href': 'https://businessmirror.com.ph/2022/06/22/naomi-osaka-lebron-james-team-up-for-entertainment-venture/'}]",https://businessmirror.com.ph/2022/06/22/naomi-osaka-lebron-james-team-up-for-entertainment-venture/,https://businessmirror.com.ph/2022/06/22/naomi-osaka-lebron-james-team-up-for-entertainment-venture/#respond,[{'name': 'BusinessMirror'}],BusinessMirror,{'name': 'BusinessMirror'},"Wed, 22 Jun 2022 11:14:11 +0000","time.struct_time(tm_year=2022, tm_mon=6, tm_mday=22, tm_hour=11, tm_min=14, tm_sec=11, tm_wday=2, tm_yday=173, tm_isdst=0)","[{'term': 'Sports', 'scheme': None, 'label': None}, {'term': 'Featured', 'scheme': None, 'label': None}]",https://businessmirror.com.ph/?p=613600,False,LOS ANGELES—LeBron James and Naomi Osaka are becoming teammates in the entertainment world. Tennis star Osaka and her&#8230;,"{'type': 'text/html', 'language': None, 'base': 'https://businessmirror.com.ph/feed/', 'value': 'LOS ANGELES—LeBron James and Naomi Osaka are becoming teammates in the entertainment world. Tennis star Osaka and her&#8230;'}",https://businessmirror.com.ph/2022/06/22/naomi-osaka-lebron-james-team-up-for-entertainment-venture/feed/,0
24,Koepka the latest to join Saudi-backed LIV series,"{'type': 'text/plain', 'language': None, 'base': 'https://businessmirror.com.ph/feed/', 'value': 'Koepka the latest to join Saudi-backed LIV series'}","[{'rel': 'alternate', 'type': 'text/html', 'href': 'https://businessmirror.com.ph/2022/06/22/koepka-the-latest-to-join-saudi-backed-liv-series/'}]",https://businessmirror.com.ph/2022/06/22/koepka-the-latest-to-join-saudi-backed-liv-series/,https://businessmirror.com.ph/2022/06/22/koepka-the-latest-to-join-saudi-backed-liv-series/#respond,[{'name': 'The Associated Press'}],The Associated Press,{'name': 'The Associated Press'},"Wed, 22 Jun 2022 11:13:40 +0000","time.struct_time(tm_year=2022, tm_mon=6, tm_mday=22, tm_hour=11, tm_min=13, tm_sec=40, tm_wday=2, tm_yday=173, tm_isdst=0)","[{'term': 'Sports', 'scheme': None, 'label': None}, {'term': 'Featured', 'scheme': None, 'label': None}]",https://businessmirror.com.ph/?p=613599,False,"CROMWELL, Connecticut—Brooks Koepka, one of the first players to denounce a rival league for only 48 players, is&#8230;","{'type': 'text/html', 'language': None, 'base': 'https://businessmirror.com.ph/feed/', 'value': 'CROMWELL, Connecticut—Brooks Koepka, one of the first players to denounce a rival league for only 48 players, is&#8230;'}",https://businessmirror.com.ph/2022/06/22/koepka-the-latest-to-join-saudi-backed-liv-series/feed/,0
25,Youth movement can make LIV Golf look appealing,"{'type': 'text/plain', 'language': None, 'base': 'https://businessmirror.com.ph/feed/', 'value': 'Youth movement can make LIV Golf look appealing'}","[{'rel': 'alternate', 'type': 'text/html', 'href': 'https://businessmirror.com.ph/2022/06/22/youth-movement-can-make-liv-golf-look-appealing/'}]",https://businessmirror.com.ph/2022/06/22/youth-movement-can-make-liv-golf-look-appealing/,https://businessmirror.com.ph/2022/06/22/youth-movement-can-make-liv-golf-look-appealing/#respond,[{'name': 'The Associated Press'}],The Associated Press,{'name': 'The Associated Press'},"Wed, 22 Jun 2022 11:13:03 +0000","time.struct_time(tm_year=2022, tm_mon=6, tm_mday=22, tm_hour=11, tm_min=13, tm_sec=3, tm_wday=2, tm_yday=173, tm_isdst=0)","[{'term': 'Sports', 'scheme': None, 'label': None}]",https://businessmirror.com.ph/?p=613598,False,"By Doug Ferguson / The Associated Press CROMWELL, Connecticut—Players willing to leave the Professional Golfers Association (PGA) Tour&#8230;","{'type': 'text/html', 'language': None, 'base': 'https://businessmirror.com.ph/feed/', 'value': 'By Doug Ferguson / The Associated Press CROMWELL, Connecticut—Players willing to leave the Professional Golfers Association (PGA) Tour&#8230;'}",https://businessmirror.com.ph/2022/06/22/youth-movement-can-make-liv-golf-look-appealing/feed/,0
26,Serena Williams wins 1st match of comeback after year away,"{'type': 'text/plain', 'language': None, 'base': 'https://businessmirror.com.ph/feed/', 'value': 'Serena Williams wins 1st match of comeback after year away'}","[{'rel': 'alternate', 'type': 'text/html', 'href': 'https://businessmirror.com.ph/2022/06/22/serena-williams-wins-1st-match-of-comeback-after-year-away/'}]",https://businessmirror.com.ph/2022/06/22/serena-williams-wins-1st-match-of-comeback-after-year-away/,https://businessmirror.com.ph/2022/06/22/serena-williams-wins-1st-match-of-comeback-after-year-away/#respond,[{'name': 'The Associated Press'}],The Associated Press,{'name': 'The Associated Press'},"Wed, 22 Jun 2022 11:12:13 +0000","time.struct_time(tm_year=2022, tm_mon=6, tm_mday=22, tm_hour=11, tm_min=12, tm_sec=13, tm_wday=2, tm_yday=173, tm_isdst=0)","[{'term': 'Sports', 'scheme': None, 'label': None}, {'term': 'Featured', 'scheme': None, 'label': None}]",https://businessmirror.com.ph/?p=613597,False,"EASTBOURNE, England—As “What A Feeling” boomed around Devonshire Park, Serena Williams strode onto center court at Eastbourne to&#8230;","{'type': 'text/html', 'language': None, 'base': 'https://businessmirror.com.ph/feed/', 'value': 'EASTBOURNE, England—As “What A Feeling” boomed around Devonshire Park, Serena Williams strode onto center court at Eastbourne to&#8230;'}",https://businessmirror.com.ph/2022/06/22/serena-williams-wins-1st-match-of-comeback-after-year-away/feed/,0
27,"Djokovic, Nadal top 2 seeds at Wimbledon; Williams unseeded","{'type': 'text/plain', 'language': None, 'base': 'https://businessmirror.com.ph/feed/', 'value': 'Djokovic, Nadal top 2 seeds at Wimbledon; Williams unseeded'}","[{'rel': 'alternate', 'type': 'text/html', 'href': 'https://businessmirror.com.ph/2022/06/22/djokovic-nadal-top-2-seeds-at-wimbledon-williams-unseeded/'}]",https://businessmirror.com.ph/2022/06/22/djokovic-nadal-top-2-seeds-at-wimbledon-williams-unseeded/,https://businessmirror.com.ph/2022/06/22/djokovic-nadal-top-2-seeds-at-wimbledon-williams-unseeded/#respond,[{'name': 'The Associated Press'}],The Associated Press,{'name': 'The Associated Press'},"Wed, 22 Jun 2022 11:11:38 +0000","time.struct_time(tm_year=2022, tm_mon=6, tm_mday=22, tm_hour=11, tm_min=11, tm_sec=38, tm_wday=2, tm_yday=173, tm_isdst=0)","[{'term': 'Sports', 'scheme': None, 'label': None}, {'term': 'Featured', 'scheme': None, 'label': None}]",https://businessmirror.com.ph/?p=613596,False,"WIMBLEDON, England—This time, Novak Djokovic and Rafael Nadal will be on opposite sides of the draw. The seedings&#8230;","{'type': 'text/html', 'language': None, 'base': 'https://businessmirror.com.ph/feed/', 'value': 'WIMBLEDON, England—This time, Novak Djokovic and Rafael Nadal will be on opposite sides of the draw. The seedings&#8230;'}",https://businessmirror.com.ph/2022/06/22/djokovic-nadal-top-2-seeds-at-wimbledon-williams-unseeded/feed/,0
28,"‘The impossible’: Ukraine’s secret, deadly rescue missions","{'type': 'text/plain', 'language': None, 'base': 'https://businessmirror.com.ph/feed/', 'value': '‘The impossible’: Ukraine’s secret, deadly rescue missions'}","[{'rel': 'alternate', 'type': 'text/html', 'href': 'https://businessmirror.com.ph/2022/06/22/the-impossible-ukraines-secret-deadly-rescue-missions/'}]",https://businessmirror.com.ph/2022/06/22/the-impossible-ukraines-secret-deadly-rescue-missions/,https://businessmirror.com.ph/2022/06/22/the-impossible-ukraines-secret-deadly-rescue-missions/#respond,[{'name': 'The Associated Press'}],The Associated Press,{'name': 'The Associated Press'},"Wed, 22 Jun 2022 09:43:12 +0000","time.struct_time(tm_year=2022, tm_mon=6, tm_mday=22, tm_hour=9, tm_min=43, tm_sec=12, tm_wday=2, tm_yday=173, tm_isdst=0)","[{'term': 'Perspective', 'scheme': None, 'label': None}, {'term': 'World', 'scheme': None, 'label': None}, {'term': 'Russia-Ukraine war', 'scheme': None, 'label': None}]",https://businessmirror.com.ph/?p=613574,False,"A series of clandestine, against-the-odds, terrain-hugging, high-speed helicopter missions to reach the Azovstal defenders in March, April and May are being celebrated in Ukraine as among the most heroic feats of military derring-do of the four-month war. Some ended in catastrophe; each grew progressively riskier as Russian air defense batteries caught on.","{'type': 'text/html', 'language': None, 'base': 'https://businessmirror.com.ph/feed/', 'value': 'A series of clandestine, against-the-odds, terrain-hugging, high-speed helicopter missions to reach the Azovstal defenders in March, April and May are being celebrated in Ukraine as among the most heroic feats of military derring-do of\xa0the four-month war. Some ended in catastrophe; each grew progressively riskier as Russian air defense batteries caught on.'}",https://businessmirror.com.ph/2022/06/22/the-impossible-ukraines-secret-deadly-rescue-missions/feed/,0
29,PHL officials meet Philadelphia mayor on shooting death of lawyer ‘Jal’ Laylo,"{'type': 'text/plain', 'language': None, 'base': 'https://businessmirror.com.ph/feed/', 'value': 'PHL officials meet Philadelphia mayor on shooting death of lawyer ‘Jal’ Laylo'}","[{'rel': 'alternate', 'type': 'text/html', 'href': 'https://businessmirror.com.ph/2022/06/22/phl-officials-meet-philadelphia-mayor-on-shooting-death-of-lawyer-jal-laylo/'}]",https://businessmirror.com.ph/2022/06/22/phl-officials-meet-philadelphia-mayor-on-shooting-death-of-lawyer-jal-laylo/,https://businessmirror.com.ph/2022/06/22/phl-officials-meet-philadelphia-mayor-on-shooting-death-of-lawyer-jal-laylo/#respond,[{'name': 'Malou Talosig-Bartolome'}],Malou Talosig-Bartolome,{'name': 'Malou Talosig-Bartolome'},"Wed, 22 Jun 2022 07:06:13 +0000","time.struct_time(tm_year=2022, tm_mon=6, tm_mday=22, tm_hour=7, tm_min=6, tm_sec=13, tm_wday=2, tm_yday=173, tm_isdst=0)","[{'term': 'Top News', 'scheme': None, 'label': None}]",https://businessmirror.com.ph/?p=613553,False,"PHILIPPINE officials met with Philadelphia Mayor Jim Kenney to seek justice for Filipino lawyer John Albert “Jal” Laylo,&#8230;","{'type': 'text/html', 'language': None, 'base': 'https://businessmirror.com.ph/feed/', 'value': 'PHILIPPINE officials met with Philadelphia Mayor Jim Kenney to seek justice for Filipino lawyer John Albert “Jal” Laylo,&#8230;'}",https://businessmirror.com.ph/2022/06/22/phl-officials-meet-philadelphia-mayor-on-shooting-death-of-lawyer-jal-laylo/feed/,0
30,Wilcon brings exciting promos with the Grand Brand  Caravan￼,"{'type': 'text/plain', 'language': None, 'base': 'https://businessmirror.com.ph/feed/', 'value': 'Wilcon brings exciting promos with the Grand Brand  Caravan￼'}","[{'rel': 'alternate', 'type': 'text/html', 'href': 'https://businessmirror.com.ph/2022/06/22/wilcon-brings-exciting-promos-with-the-grand-brand-caravan/'}]",https://businessmirror.com.ph/2022/06/22/wilcon-brings-exciting-promos-with-the-grand-brand-caravan/,https://businessmirror.com.ph/2022/06/22/wilcon-brings-exciting-promos-with-the-grand-brand-caravan/#respond,[{'name': 'BMPlus'}],BMPlus,{'name': 'BMPlus'},"Wed, 22 Jun 2022 05:24:44 +0000","time.struct_time(tm_year=2022, tm_mon=6, tm_mday=22, tm_hour=5, tm_min=24, tm_sec=44, tm_wday=2, tm_yday=173, tm_isdst=0)","[{'term': 'BMPlus', 'scheme': None, 'label': None}]",https://businessmirror.com.ph/?p=613549,False,"Wilcon Depot, the country’s leading home improvement and building store, brings back Grand Brand Caravan in its selected&#8230;","{'type': 'text/html', 'language': None, 'base': 'https://businessmirror.com.ph/feed/', 'value': 'Wilcon Depot, the country’s leading home improvement and building store, brings back Grand Brand Caravan in its selected&#8230;'}",https://businessmirror.com.ph/2022/06/22/wilcon-brings-exciting-promos-with-the-grand-brand-caravan/feed/,0
31,Mandaluyong receives highest COA audit mark for Year 2021,"{'type': 'text/plain', 'language': None, 'base': 'https://businessmirror.com.ph/feed/', 'value': 'Mandaluyong receives highest COA audit mark for Year 2021'}","[{'rel': 'alternate', 'type': 'text/html', 'href': 'https://businessmirror.com.ph/2022/06/22/mandaluyong-receives-highest-coa-audit-mark-for-year-2021/'}]",https://businessmirror.com.ph/2022/06/22/mandaluyong-receives-highest-coa-audit-mark-for-year-2021/,https://businessmirror.com.ph/2022/06/22/mandaluyong-receives-highest-coa-audit-mark-for-year-2021/#respond,[{'name': 'BMPlus'}],BMPlus,{'name': 'BMPlus'},"Tue, 21 Jun 2022 23:28:00 +0000","time.struct_time(tm_year=2022, tm_mon=6, tm_mday=21, tm_hour=23, tm_min=28, tm_sec=0, tm_wday=1, tm_yday=172, tm_isdst=0)","[{'term': 'Bulletin Board', 'scheme': None, 'label': None}]",https://businessmirror.com.ph/?p=613595,False,"The City Government of Mandaluyong, on Monday, was praised by the Commission on Audit (COA) after it received&#8230;","{'type': 'text/html', 'language': None, 'base': 'https://businessmirror.com.ph/feed/', 'value': 'The City Government of Mandaluyong, on Monday, was praised by the Commission on Audit (COA) after it received&#8230;'}",https://businessmirror.com.ph/2022/06/22/mandaluyong-receives-highest-coa-audit-mark-for-year-2021/feed/,0
32,Overdoughs is not your ordinary bakeshop,"{'type': 'text/plain', 'language': None, 'base': 'https://businessmirror.com.ph/feed/', 'value': 'Overdoughs is not your ordinary bakeshop'}","[{'rel': 'alternate', 'type': 'text/html', 'href': 'https://businessmirror.com.ph/2022/06/22/overdoughs-is-not-your-ordinary-bakeshop/'}]",https://businessmirror.com.ph/2022/06/22/overdoughs-is-not-your-ordinary-bakeshop/,https://businessmirror.com.ph/2022/06/22/overdoughs-is-not-your-ordinary-bakeshop/#respond,[{'name': 'BMPlus'}],BMPlus,{'name': 'BMPlus'},"Tue, 21 Jun 2022 23:23:00 +0000","time.struct_time(tm_year=2022, tm_mon=6, tm_mday=21, tm_hour=23, tm_min=23, tm_sec=0, tm_wday=1, tm_yday=172, tm_isdst=0)","[{'term': 'BMPlus', 'scheme': None, 'label': None}]",https://businessmirror.com.ph/?p=613573,False,Do you want to do good and at the same time enjoy good food? You should visit Overdoughs&#8230;,"{'type': 'text/html', 'language': None, 'base': 'https://businessmirror.com.ph/feed/', 'value': 'Do you want to do good and at the same time enjoy good food? You should visit Overdoughs&#8230;'}",https://businessmirror.com.ph/2022/06/22/overdoughs-is-not-your-ordinary-bakeshop/feed/,0
33,When queens come together – Awra wins￼,"{'type': 'text/plain', 'language': None, 'base': 'https://businessmirror.com.ph/feed/', 'value': 'When queens come together – Awra wins￼'}","[{'rel': 'alternate', 'type': 'text/html', 'href': 'https://businessmirror.com.ph/2022/06/22/when-queens-come-together-awra-wins/'}]",https://businessmirror.com.ph/2022/06/22/when-queens-come-together-awra-wins/,https://businessmirror.com.ph/2022/06/22/when-queens-come-together-awra-wins/#respond,[{'name': 'BMPlus'}],BMPlus,{'name': 'BMPlus'},"Tue, 21 Jun 2022 23:10:00 +0000","time.struct_time(tm_year=2022, tm_mon=6, tm_mday=21, tm_hour=23, tm_min=10, tm_sec=0, tm_wday=1, tm_yday=172, tm_isdst=0)","[{'term': 'BMPlus', 'scheme': None, 'label': None}]",https://businessmirror.com.ph/?p=613569,False,That one beautiful Awra Day: Binibining Pilipinas at the Silka Cosmetique Asia Corporation Plant,"{'type': 'text/html', 'language': None, 'base': 'https://businessmirror.com.ph/feed/', 'value': 'That one beautiful Awra Day: Binibining Pilipinas at the Silka Cosmetique Asia Corporation Plant'}",https://businessmirror.com.ph/2022/06/22/when-queens-come-together-awra-wins/feed/,0
34,NTC directs ISPs to block ‘terrorist-leaning’ websites,"{'type': 'text/plain', 'language': None, 'base': 'https://businessmirror.com.ph/feed/', 'value': 'NTC directs ISPs to block ‘terrorist-leaning’ websites'}","[{'rel': 'alternate', 'type': 'text/html', 'href': 'https://businessmirror.com.ph/2022/06/22/ntc-directs-isps-to-block-terrorist-leaning-websites/'}]",https://businessmirror.com.ph/2022/06/22/ntc-directs-isps-to-block-terrorist-leaning-websites/,https://businessmirror.com.ph/2022/06/22/ntc-directs-isps-to-block-terrorist-leaning-websites/#respond,[{'name': 'BMPlus'}],BMPlus,{'name': 'BMPlus'},"Tue, 21 Jun 2022 23:09:00 +0000","time.struct_time(tm_year=2022, tm_mon=6, tm_mday=21, tm_hour=23, tm_min=9, tm_sec=0, tm_wday=1, tm_yday=172, tm_isdst=0)","[{'term': 'Bulletin Board', 'scheme': None, 'label': None}]",https://businessmirror.com.ph/?p=613589,False,The National Telecommunications Commission has directed Internet Service Providers to immediately block websites found by the National Security&#8230;,"{'type': 'text/html', 'language': None, 'base': 'https://businessmirror.com.ph/feed/', 'value': 'The National Telecommunications Commission has directed Internet Service Providers to immediately block websites found by the National Security&#8230;'}",https://businessmirror.com.ph/2022/06/22/ntc-directs-isps-to-block-terrorist-leaning-websites/feed/,0
35,Dollar debt payments swell May balance of payments to $1.6 billion,"{'type': 'text/plain', 'language': None, 'base': 'https://businessmirror.com.ph/feed/', 'value': 'Dollar debt payments swell May balance of payments to $1.6 billion'}","[{'rel': 'alternate', 'type': 'text/html', 'href': 'https://businessmirror.com.ph/2022/06/22/dollar-debt-payments-swell-may-bop-to-1-6-billion/'}]",https://businessmirror.com.ph/2022/06/22/dollar-debt-payments-swell-may-bop-to-1-6-billion/,https://businessmirror.com.ph/2022/06/22/dollar-debt-payments-swell-may-bop-to-1-6-billion/#respond,[{'name': 'Bianca Cuaresma'}],Bianca Cuaresma,{'name': 'Bianca Cuaresma'},"Tue, 21 Jun 2022 16:05:00 +0000","time.struct_time(tm_year=2022, tm_mon=6, tm_mday=21, tm_hour=16, tm_min=5, tm_sec=0, tm_wday=1, tm_yday=172, tm_isdst=0)","[{'term': 'Top News', 'scheme': None, 'label': None}, {'term': 'balance of payments', 'scheme': None, 'label': None}, {'term': 'Bangko Sentral ng Pilipinas', 'scheme': None, 'label': None}, {'term': 'dollar debt', 'scheme': None, 'label': None}, {'term': 'Featured', 'scheme': None, 'label': None}, {'term': 'foreign currency debt repayments', 'scheme': None, 'label': None}, {'term': 'Philippines Central Bank', 'scheme': None, 'label': None}]",https://businessmirror.com.ph/?p=613533,False,"The Philippines lost more than a billion dollars in its transactions against the rest of the world in May this year, due largely to foreign currency debt repayments during the month.","{'type': 'text/html', 'language': None, 'base': 'https://businessmirror.com.ph/feed/', 'value': 'The Philippines lost more than a billion dollars in its transactions against the rest of the world in May this year, due largely to foreign currency debt repayments during the month.'}",https://businessmirror.com.ph/2022/06/22/dollar-debt-payments-swell-may-bop-to-1-6-billion/feed/,0
36,"BBM at DA is ‘best’ for PHL farmers, fishermen","{'type': 'text/plain', 'language': None, 'base': 'https://businessmirror.com.ph/feed/', 'value': 'BBM at DA is ‘best’ for PHL farmers, fishermen'}","[{'rel': 'alternate', 'type': 'text/html', 'href': 'https://businessmirror.com.ph/2022/06/22/bbm-at-da-is-best-for-phl-farmers-fishermen/'}]",https://businessmirror.com.ph/2022/06/22/bbm-at-da-is-best-for-phl-farmers-fishermen/,https://businessmirror.com.ph/2022/06/22/bbm-at-da-is-best-for-phl-farmers-fishermen/#respond,[{'name': 'Jasper Y. Arcalas'}],Jasper Y. Arcalas,{'name': 'Jasper Y. Arcalas'},"Tue, 21 Jun 2022 16:04:00 +0000","time.struct_time(tm_year=2022, tm_mon=6, tm_mday=21, tm_hour=16, tm_min=4, tm_sec=0, tm_wday=1, tm_yday=172, tm_isdst=0)","[{'term': 'Top News', 'scheme': None, 'label': None}, {'term': 'Featured', 'scheme': None, 'label': None}]",https://businessmirror.com.ph/?p=613529,False,THE Department of Agriculture (DA) may now get a hefty budget under the leadership of President Ferdinand R.&#8230;,"{'type': 'text/html', 'language': None, 'base': 'https://businessmirror.com.ph/feed/', 'value': 'THE Department of Agriculture (DA) may now get a hefty budget under the leadership of President Ferdinand R.&#8230;'}",https://businessmirror.com.ph/2022/06/22/bbm-at-da-is-best-for-phl-farmers-fishermen/feed/,0
37,Prices of some foods to rise as peso weakens,"{'type': 'text/plain', 'language': None, 'base': 'https://businessmirror.com.ph/feed/', 'value': 'Prices of some foods to rise as peso weakens'}","[{'rel': 'alternate', 'type': 'text/html', 'href': 'https://businessmirror.com.ph/2022/06/22/prices-of-some-foods-to-rise-as-peso-weakens/'}]",https://businessmirror.com.ph/2022/06/22/prices-of-some-foods-to-rise-as-peso-weakens/,https://businessmirror.com.ph/2022/06/22/prices-of-some-foods-to-rise-as-peso-weakens/#respond,[{'name': 'Jasper Y. Arcalas'}],Jasper Y. Arcalas,{'name': 'Jasper Y. Arcalas'},"Tue, 21 Jun 2022 16:04:00 +0000","time.struct_time(tm_year=2022, tm_mon=6, tm_mday=21, tm_hour=16, tm_min=4, tm_sec=0, tm_wday=1, tm_yday=172, tm_isdst=0)","[{'term': 'Top News', 'scheme': None, 'label': None}, {'term': 'Featured', 'scheme': None, 'label': None}]",https://businessmirror.com.ph/?p=613527,False,FILIPINO consumers will have no choice but to bite the bullet as prices of certain food items may&#8230;,"{'type': 'text/html', 'language': None, 'base': 'https://businessmirror.com.ph/feed/', 'value': 'FILIPINO consumers will have no choice but to bite the bullet as prices of certain food items may&#8230;'}",https://businessmirror.com.ph/2022/06/22/prices-of-some-foods-to-rise-as-peso-weakens/feed/,0
38,PHL exit from low-rate regime to be ‘gradual’,"{'type': 'text/plain', 'language': None, 'base': 'https://businessmirror.com.ph/feed/', 'value': 'PHL exit from low-rate regime to be ‘gradual’'}","[{'rel': 'alternate', 'type': 'text/html', 'href': 'https://businessmirror.com.ph/2022/06/22/phl-exit-from-low-rate-regime-to-be-gradual/'}]",https://businessmirror.com.ph/2022/06/22/phl-exit-from-low-rate-regime-to-be-gradual/,https://businessmirror.com.ph/2022/06/22/phl-exit-from-low-rate-regime-to-be-gradual/#respond,[{'name': 'Cai Ordinario'}],Cai Ordinario,{'name': 'Cai Ordinario'},"Tue, 21 Jun 2022 16:04:00 +0000","time.struct_time(tm_year=2022, tm_mon=6, tm_mday=21, tm_hour=16, tm_min=4, tm_sec=0, tm_wday=1, tm_yday=172, tm_isdst=0)","[{'term': 'Top News', 'scheme': None, 'label': None}, {'term': 'Featured', 'scheme': None, 'label': None}]",https://businessmirror.com.ph/?p=613531,False,THE Philippines’s exit from the low-interest rate regime will be gradual and the Bangko Sentral ng Pillipinas (BSP)&#8230;,"{'type': 'text/html', 'language': None, 'base': 'https://businessmirror.com.ph/feed/', 'value': 'THE Philippines’s exit from the low-interest rate regime will be gradual and the Bangko Sentral ng Pillipinas (BSP)&#8230;'}",https://businessmirror.com.ph/2022/06/22/phl-exit-from-low-rate-regime-to-be-gradual/feed/,0
39,"5 Filipinos, including baby, die in New Zealand crash","{'type': 'text/plain', 'language': None, 'base': 'https://businessmirror.com.ph/feed/', 'value': '5 Filipinos, including baby, die in New Zealand crash'}","[{'rel': 'alternate', 'type': 'text/html', 'href': 'https://businessmirror.com.ph/2022/06/22/5-filipinos-including-baby-die-in-new-zealand-crash/'}]",https://businessmirror.com.ph/2022/06/22/5-filipinos-including-baby-die-in-new-zealand-crash/,https://businessmirror.com.ph/2022/06/22/5-filipinos-including-baby-die-in-new-zealand-crash/#respond,[{'name': 'Malou Talosig-Bartolome'}],Malou Talosig-Bartolome,{'name': 'Malou Talosig-Bartolome'},"Tue, 21 Jun 2022 16:03:00 +0000","time.struct_time(tm_year=2022, tm_mon=6, tm_mday=21, tm_hour=16, tm_min=3, tm_sec=0, tm_wday=1, tm_yday=172, tm_isdst=0)","[{'term': 'Top News', 'scheme': None, 'label': None}, {'term': 'Featured', 'scheme': None, 'label': None}]",https://businessmirror.com.ph/?p=613518,False,"SEVEN family members, five of them Filipinos including a 10-month-old baby, died Sunday in a freak accident after&#8230;","{'type': 'text/html', 'language': None, 'base': 'https://businessmirror.com.ph/feed/', 'value': 'SEVEN family members, five of them Filipinos including a 10-month-old baby, died Sunday in a freak accident after&#8230;'}",https://businessmirror.com.ph/2022/06/22/5-filipinos-including-baby-die-in-new-zealand-crash/feed/,0
40,US maritime expert: PHL forfeited global support after 2016 win,"{'type': 'text/plain', 'language': None, 'base': 'https://businessmirror.com.ph/feed/', 'value': 'US maritime expert: PHL forfeited global support after 2016 win'}","[{'rel': 'alternate', 'type': 'text/html', 'href': 'https://businessmirror.com.ph/2022/06/22/us-maritime-expert-phl-forfeited-global-support-after-2016-win/'}]",https://businessmirror.com.ph/2022/06/22/us-maritime-expert-phl-forfeited-global-support-after-2016-win/,https://businessmirror.com.ph/2022/06/22/us-maritime-expert-phl-forfeited-global-support-after-2016-win/#respond,[{'name': 'Malou Talosig-Bartolome'}],Malou Talosig-Bartolome,{'name': 'Malou Talosig-Bartolome'},"Tue, 21 Jun 2022 16:03:00 +0000","time.struct_time(tm_year=2022, tm_mon=6, tm_mday=21, tm_hour=16, tm_min=3, tm_sec=0, tm_wday=1, tm_yday=172, tm_isdst=0)","[{'term': 'Top News', 'scheme': None, 'label': None}, {'term': 'Featured', 'scheme': None, 'label': None}]",https://businessmirror.com.ph/?p=613515,False,THE Philippine government squandered its biggest win in the South China Sea disputes when it decided to remain&#8230;,"{'type': 'text/html', 'language': None, 'base': 'https://businessmirror.com.ph/feed/', 'value': 'THE Philippine government squandered its biggest win in the South China Sea disputes when it decided to remain&#8230;'}",https://businessmirror.com.ph/2022/06/22/us-maritime-expert-phl-forfeited-global-support-after-2016-win/feed/,0
41,‘Strong fundamentals make PHL stronger against shocks’,"{'type': 'text/plain', 'language': None, 'base': 'https://businessmirror.com.ph/feed/', 'value': '‘Strong fundamentals make PHL stronger against shocks’'}","[{'rel': 'alternate', 'type': 'text/html', 'href': 'https://businessmirror.com.ph/2022/06/22/strong-fundamentals-makephl-stronger-against-shocks/'}]",https://businessmirror.com.ph/2022/06/22/strong-fundamentals-makephl-stronger-against-shocks/,https://businessmirror.com.ph/2022/06/22/strong-fundamentals-makephl-stronger-against-shocks/#respond,[{'name': 'Bianca Cuaresma'}],Bianca Cuaresma,{'name': 'Bianca Cuaresma'},"Tue, 21 Jun 2022 16:03:00 +0000","time.struct_time(tm_year=2022, tm_mon=6, tm_mday=21, tm_hour=16, tm_min=3, tm_sec=0, tm_wday=1, tm_yday=172, tm_isdst=0)","[{'term': 'Top News', 'scheme': None, 'label': None}, {'term': 'Featured', 'scheme': None, 'label': None}]",https://businessmirror.com.ph/?p=613525,False,THE Philippines is in a “significantly different” situation than the rest of the world in dealing with global&#8230;,"{'type': 'text/html', 'language': None, 'base': 'https://businessmirror.com.ph/feed/', 'value': 'THE Philippines is in a “significantly different” situation than the rest of the world in dealing with global&#8230;'}",https://businessmirror.com.ph/2022/06/22/strong-fundamentals-makephl-stronger-against-shocks/feed/,0
42,"From DepEd, Briones moves to Seameo Innotech","{'type': 'text/plain', 'language': None, 'base': 'https://businessmirror.com.ph/feed/', 'value': 'From DepEd, Briones moves to Seameo Innotech'}","[{'rel': 'alternate', 'type': 'text/html', 'href': 'https://businessmirror.com.ph/2022/06/22/from-deped-briones-moves-to-seameo-innotech/'}]",https://businessmirror.com.ph/2022/06/22/from-deped-briones-moves-to-seameo-innotech/,https://businessmirror.com.ph/2022/06/22/from-deped-briones-moves-to-seameo-innotech/#respond,[{'name': 'Claudeth Mocon-Ciriaco'}],Claudeth Mocon-Ciriaco,{'name': 'Claudeth Mocon-Ciriaco'},"Tue, 21 Jun 2022 16:03:00 +0000","time.struct_time(tm_year=2022, tm_mon=6, tm_mday=21, tm_hour=16, tm_min=3, tm_sec=0, tm_wday=1, tm_yday=172, tm_isdst=0)","[{'term': 'Top News', 'scheme': None, 'label': None}, {'term': 'Featured', 'scheme': None, 'label': None}]",https://businessmirror.com.ph/?p=613513,False,"SHE has spent several decades working, but outgoing Education Secretary Leonor Magtolis Briones might not have the time to&#8230;","{'type': 'text/html', 'language': None, 'base': 'https://businessmirror.com.ph/feed/', 'value': 'SHE has spent several decades working, but\xa0outgoing Education Secretary Leonor Magtolis Briones might not have the time to&#8230;'}",https://businessmirror.com.ph/2022/06/22/from-deped-briones-moves-to-seameo-innotech/feed/,0
43,BIR to pilot in July system boosting e-receipt issuance,"{'type': 'text/plain', 'language': None, 'base': 'https://businessmirror.com.ph/feed/', 'value': 'BIR to pilot in July system boosting e-receipt issuance'}","[{'rel': 'alternate', 'type': 'text/html', 'href': 'https://businessmirror.com.ph/2022/06/22/bir-to-pilot-in-july-systemboosting-e-receipt-issuance/'}]",https://businessmirror.com.ph/2022/06/22/bir-to-pilot-in-july-systemboosting-e-receipt-issuance/,https://businessmirror.com.ph/2022/06/22/bir-to-pilot-in-july-systemboosting-e-receipt-issuance/#respond,[{'name': 'Bernadette D. Nicolas'}],Bernadette D. Nicolas,{'name': 'Bernadette D. Nicolas'},"Tue, 21 Jun 2022 16:03:00 +0000","time.struct_time(tm_year=2022, tm_mon=6, tm_mday=21, tm_hour=16, tm_min=3, tm_sec=0, tm_wday=1, tm_yday=172, tm_isdst=0)","[{'term': 'Top News', 'scheme': None, 'label': None}, {'term': 'Featured', 'scheme': None, 'label': None}]",https://businessmirror.com.ph/?p=613520,False,THE Bureau of Internal Revenue (BIR) is set to&#160;start pilot implementation next month of its new web-based system&#8230;,"{'type': 'text/html', 'language': None, 'base': 'https://businessmirror.com.ph/feed/', 'value': 'THE Bureau of Internal Revenue (BIR) is set to&#160;start pilot implementation next month of its new web-based system&#8230;'}",https://businessmirror.com.ph/2022/06/22/bir-to-pilot-in-july-systemboosting-e-receipt-issuance/feed/,0
44,"Editorial Cartoon June 22, 2022","{'type': 'text/plain', 'language': None, 'base': 'https://businessmirror.com.ph/feed/', 'value': 'Editorial Cartoon June 22, 2022'}","[{'rel': 'alternate', 'type': 'text/html', 'href': 'https://businessmirror.com.ph/2022/06/22/editorial-cartoon-june-22-2022/'}]",https://businessmirror.com.ph/2022/06/22/editorial-cartoon-june-22-2022/,https://businessmirror.com.ph/2022/06/22/editorial-cartoon-june-22-2022/#respond,[{'name': 'BusinessMirror Editorial'}],BusinessMirror Editorial,{'name': 'BusinessMirror Editorial'},"Tue, 21 Jun 2022 16:02:00 +0000","time.struct_time(tm_year=2022, tm_mon=6, tm_mday=21, tm_hour=16, tm_min=2, tm_sec=0, tm_wday=1, tm_yday=172, tm_isdst=0)","[{'term': 'Editorial cartoon', 'scheme': None, 'label': None}, {'term': 'Opinion', 'scheme': None, 'label': None}, {'term': 'Featured', 'scheme': None, 'label': None}, {'term': 'Jimbo Albano', 'scheme': None, 'label': None}]",https://businessmirror.com.ph/?p=613341,False,Image credits: Jimbo Albano Jimbo Albano,"{'type': 'text/html', 'language': None, 'base': 'https://businessmirror.com.ph/feed/', 'value': 'Image credits: Jimbo Albano Jimbo Albano'}",https://businessmirror.com.ph/2022/06/22/editorial-cartoon-june-22-2022/feed/,0
45,PHL needs sensible agricultural insurance plan,"{'type': 'text/plain', 'language': None, 'base': 'https://businessmirror.com.ph/feed/', 'value': 'PHL needs sensible agricultural insurance\xa0plan'}","[{'rel': 'alternate', 'type': 'text/html', 'href': 'https://businessmirror.com.ph/2022/06/22/phl-needs-sensible-agriculture-insurance-plan/'}]",https://businessmirror.com.ph/2022/06/22/phl-needs-sensible-agriculture-insurance-plan/,https://businessmirror.com.ph/2022/06/22/phl-needs-sensible-agriculture-insurance-plan/#respond,[{'name': 'BusinessMirror'}],BusinessMirror,{'name': 'BusinessMirror'},"Tue, 21 Jun 2022 16:01:00 +0000","time.struct_time(tm_year=2022, tm_mon=6, tm_mday=21, tm_hour=16, tm_min=1, tm_sec=0, tm_wday=1, tm_yday=172, tm_isdst=0)","[{'term': 'Editorial', 'scheme': None, 'label': None}, {'term': 'Opinion', 'scheme': None, 'label': None}, {'term': 'Featured', 'scheme': None, 'label': None}]",https://businessmirror.com.ph/?p=613508,False,Agriculture is an inherently risky enterprise because of so many uncertainties facing farmers. But changing weather patterns that&#8230;,"{'type': 'text/html', 'language': None, 'base': 'https://businessmirror.com.ph/feed/', 'value': 'Agriculture is an inherently risky enterprise because of so many uncertainties facing farmers. But changing weather patterns that&#8230;'}",https://businessmirror.com.ph/2022/06/22/phl-needs-sensible-agriculture-insurance-plan/feed/,0
46,Blatant disinformation,"{'type': 'text/plain', 'language': None, 'base': 'https://businessmirror.com.ph/feed/', 'value': 'Blatant disinformation'}","[{'rel': 'alternate', 'type': 'text/html', 'href': 'https://businessmirror.com.ph/2022/06/22/blatant-disinformation/'}]",https://businessmirror.com.ph/2022/06/22/blatant-disinformation/,https://businessmirror.com.ph/2022/06/22/blatant-disinformation/#respond,[{'name': 'Luc Véron / EU Ambassador'}],Luc Véron / EU Ambassador,{'name': 'Luc Véron / EU Ambassador'},"Tue, 21 Jun 2022 16:00:00 +0000","time.struct_time(tm_year=2022, tm_mon=6, tm_mday=21, tm_hour=16, tm_min=0, tm_sec=0, tm_wday=1, tm_yday=172, tm_isdst=0)","[{'term': 'Opinion', 'scheme': None, 'label': None}]",https://businessmirror.com.ph/?p=613479,False,This is in reference to the Opinion piece written by Lito Gagni “Is Russia to blame for food&#8230;,"{'type': 'text/html', 'language': None, 'base': 'https://businessmirror.com.ph/feed/', 'value': 'This is in reference to the Opinion piece written by Lito Gagni “Is Russia to blame for food&#8230;'}",https://businessmirror.com.ph/2022/06/22/blatant-disinformation/feed/,0
47,What to do with Gov Gwen? DILG usec says it’s up to Malacañang,"{'type': 'text/plain', 'language': None, 'base': 'https://businessmirror.com.ph/feed/', 'value': 'What to do with Gov Gwen? DILG usec says it’s up to Malacañang'}","[{'rel': 'alternate', 'type': 'text/html', 'href': 'https://businessmirror.com.ph/2022/06/21/what-to-do-with-gov-gwen-dilg-usec-says-its-up-to-malacanang/'}]",https://businessmirror.com.ph/2022/06/21/what-to-do-with-gov-gwen-dilg-usec-says-its-up-to-malacanang/,https://businessmirror.com.ph/2022/06/21/what-to-do-with-gov-gwen-dilg-usec-says-its-up-to-malacanang/#respond,[{'name': 'Samuel P. Medenilla'}],Samuel P. Medenilla,{'name': 'Samuel P. Medenilla'},"Tue, 21 Jun 2022 14:50:37 +0000","time.struct_time(tm_year=2022, tm_mon=6, tm_mday=21, tm_hour=14, tm_min=50, tm_sec=37, tm_wday=1, tm_yday=172, tm_isdst=0)","[{'term': 'Nation', 'scheme': None, 'label': None}, {'term': 'Featured', 'scheme': None, 'label': None}]",https://businessmirror.com.ph/?p=613545,False,The Department of the Interior and Local Government (DILG) it is up to Malacañang to determine its action&#8230;,"{'type': 'text/html', 'language': None, 'base': 'https://businessmirror.com.ph/feed/', 'value': 'The Department of the Interior and Local Government (DILG) it is up to Malacañang to determine its action&#8230;'}",https://businessmirror.com.ph/2022/06/21/what-to-do-with-gov-gwen-dilg-usec-says-its-up-to-malacanang/feed/,0
48,Duterte to sign bill on PHL creative industries development,"{'type': 'text/plain', 'language': None, 'base': 'https://businessmirror.com.ph/feed/', 'value': 'Duterte to sign bill on PHL creative industries development'}","[{'rel': 'alternate', 'type': 'text/html', 'href': 'https://businessmirror.com.ph/2022/06/21/duterte-to-sign-bill-on-phl-creative-industries-development/'}]",https://businessmirror.com.ph/2022/06/21/duterte-to-sign-bill-on-phl-creative-industries-development/,https://businessmirror.com.ph/2022/06/21/duterte-to-sign-bill-on-phl-creative-industries-development/#respond,[{'name': 'Andrea E. San Juan'}],Andrea E. San Juan,{'name': 'Andrea E. San Juan'},"Tue, 21 Jun 2022 14:38:24 +0000","time.struct_time(tm_year=2022, tm_mon=6, tm_mday=21, tm_hour=14, tm_min=38, tm_sec=24, tm_wday=1, tm_yday=172, tm_isdst=0)","[{'term': 'Economy', 'scheme': None, 'label': None}, {'term': 'Featured', 'scheme': None, 'label': None}]",https://businessmirror.com.ph/?p=613541,False,"The which covers both creative goods and services, is now up for the signature of the President, according&#8230;","{'type': 'text/html', 'language': None, 'base': 'https://businessmirror.com.ph/feed/', 'value': 'The which covers both creative goods and services, is now up for the signature of the President, according&#8230;'}",https://businessmirror.com.ph/2022/06/21/duterte-to-sign-bill-on-phl-creative-industries-development/feed/,0
49,MMDA to defer implementation of new number coding scheme,"{'type': 'text/plain', 'language': None, 'base': 'https://businessmirror.com.ph/feed/', 'value': 'MMDA to defer implementation of new number coding scheme'}","[{'rel': 'alternate', 'type': 'text/html', 'href': 'https://businessmirror.com.ph/2022/06/21/mmda-to-defer-implementation-of-new-number-coding-scheme/'}]",https://businessmirror.com.ph/2022/06/21/mmda-to-defer-implementation-of-new-number-coding-scheme/,https://businessmirror.com.ph/2022/06/21/mmda-to-defer-implementation-of-new-number-coding-scheme/#respond,[{'name': 'Samuel P. Medenilla'}],Samuel P. Medenilla,{'name': 'Samuel P. Medenilla'},"Tue, 21 Jun 2022 14:25:50 +0000","time.struct_time(tm_year=2022, tm_mon=6, tm_mday=21, tm_hour=14, tm_min=25, tm_sec=50, tm_wday=1, tm_yday=172, tm_isdst=0)","[{'term': 'Nation', 'scheme': None, 'label': None}, {'term': 'Featured', 'scheme': None, 'label': None}]",https://businessmirror.com.ph/?p=613539,False,The Metro Manila Development Authority (MMDA) announced last Tuesday it will defer the implementation of its proposed Expanded&#8230;,"{'type': 'text/html', 'language': None, 'base': 'https://businessmirror.com.ph/feed/', 'value': 'The Metro Manila Development Authority (MMDA) announced last Tuesday it will defer the implementation of its proposed Expanded&#8230;'}",https://businessmirror.com.ph/2022/06/21/mmda-to-defer-implementation-of-new-number-coding-scheme/feed/,0
